Email ID,Type
6c27x67@gmail.com,valid
ep0xmyuqx@.,invalid
984ofkqn@yahoo.com,valid
hr7ygxl9@,invalid
1twkhuwb2@yahoo.com..,invalid
host@domain.sub,valid
0illjn9kiq@outlook.com,valid
2absu4@gmail.com,valid
q11uzy@,invalid
7aa20fnm@utlook.com,invalid
hh4fsm53example.com,invalid
1b65ejboutlook.com,invalid
my-emaild@omain.tech,invalid
8rjd0qa@outlook.com,valid
uezwsww@utlook.com,invalid
bl4ym7@outlook.com,valid
ns6d7i6cka@,invalid
ajinfm@,invalid
employee@company.in,valid
2r79vgmail.com,invalid
user@domai%com,invalid
user@domain.bzi,invalid
lsaqdkqfs@example.com,valid
ibwr7yahoo.com,invalid
awitc@yahoo.com,valid
cwlkn9@outlook.com..,invalid
user@domain#com,invalid
8bydx@,invalid
oqwg5@xample.com,invalid
5qznguc@gmail.com..,invalid
xirof@example.com,valid
user@domai%com,invalid
2a8f73mo1v@mail.com,invalid
m4kchnjejvoutlook.com,invalid
n0b2b9@example.com,valid
8jny8j8qj@outlook.com,valid
1c2ohi@,invalid
tx3i5jf@mail.com,invalid
sqxv1lb3ov@mail.com,invalid
gl4cp@gmail.com,valid
firstname-lastname@domain.net,valid
e49vb893@yahoo.com..,invalid
my.name@domain.xyz,valid
bc5f2@outlook.com,valid
t7m90njjzs@gmail.com..,invalid
23mtp8n9k@xample.com,invalid
pik739k1@.,invalid
amin@domain.ltd,invalid
jd07f6a20@yahoo.com,valid
5jazjkab@.,invalid
user.@domain..co.uk,invalid
99f9290x@ahoo.com,invalid
jane_doe123@odmain.org,invalid
qhi8emqd@xample.com,invalid
rqf638@gmail.com,valid
mtwrte@gmail.com..,invalid
fistname-lastname@domain.net,invalid
bat11@xample.com,invalid
sxk7n3n5q@example.com..,invalid
eh9ji6m@,invalid
consultantd@omain.agency,invalid
epxert@domain.co.in,invalid
rgeistrar@organization.club,invalid
2qt7nx6mvj@ahoo.com,invalid
use@rdomain$com,invalid
a09h785b0@utlook.com,invalid
john.doe@domain..co,invalid
username@domian.co,invalid
bbydliw97@outlook.com..,invalid
john.doe@domain..com,invalid
4t96cz4@gmail.com,valid
b28n1gc@outlook.com,valid
fq2q1cw@,invalid
8cyqmdo@yahoo.com,valid
user@domain%c.om,invalid
f3jvlfr@yahoo.com,valid
r8ouh@,invalid
hyvyz@,invalid
h1be3@example.com..,invalid
k65jx4q@outlook.com,valid
e7imenyk01@example.com..,invalid
f20dbto@yahoo.com,valid
sda48yvvc@outlook.com,valid
venmkn1@,invalid
name@company_company.om,invalid
b8buedop@gmail.com,valid
wh0e4jjc@outlook.com,valid
firstname.lastnamedomain.com,invalid
user@domain-.com,invalid
v67wmlg@outlook.com,valid
rkkqx0u3@example.com,valid
qhvb0nzx@yahoo.com,valid
60tltr4@example.com,valid
yyjg3g82@outlook.com..,invalid
john@domain..com,invalid
jane_do123@domain.org,invalid
3aeg7j8@outlook.com,valid
john.doe@exmple.com,invalid
ih8q0dxw1@gmail.com,valid
xt2zf@example.com,valid
helpdesk@do.main.store,invalid
tnociwu6um@outlook.com,valid
eyqzao@.,invalid
my.named@omain.xyz,invalid
contact@company.us,valid
8vl233rivigmail.com,invalid
vha9bk@example.com,valid
tahxky8xn@example.com,valid
wnsg1zo@.,invalid
1mob39ph6@,invalid
tx574@example.com,valid
"usrname@domain,com",invalid
hid452c@,invalid
ae3drnquj@yahoo.com,valid
2amyh0w1lo@yahoo.com,valid
wlqsoewb5@yahoo.com,valid
.username@domani.com,invalid
ce@corporate.com,invalid
john.doe@domai..co,invalid
m28waz6a@gmail.com,valid
1nvqone@yahoo.com,valid
he5535@ahoo.com,invalid
y0u7k@yahoo.com,valid
john@domain..ocm,invalid
usernam.e@domain.co,invalid
fm5iulj@gmail.com,valid
bz47r7@example.com,valid
y8rned@yahoo.com,valid
qn6ryh610example.com,invalid
contact@doain-.com,invalid
uejjl@mail.com,invalid
u6ermkvv@example.com,valid
z9bio@,invalid
n5d718@gmail.com,valid
tiaaw95vsbyahoo.com,invalid
employee@sub.domain.com,valid
vyjnw17@,invalid
mail@suborg.me,invalid
jhn.doe@example.com,invalid
x5ud3g@outlook.com,valid
employee@compay.info,invalid
sdput1q@utlook.com,invalid
4j17ns3@,invalid
an3af9eowh@outlook.com,valid
mey130ds@,invalid
w4nc4yqes2@gmail.com,valid
user@domain..co.uk,invalid
469q3c@outlook.com,valid
6kz340@yahoo.com..,invalid
user@domian&com,invalid
yzxw2h4@outlook.com,valid
x2l7u0@.,invalid
9mr5jrk@outlook.com,valid
firstname-lastname@odmain.net,invalid
w9ubvy5ogd@.,invalid
gtbo2mz@outlook.com,valid
1h166d0@outlook.com,valid
h29rl7@utlook.com,invalid
student@school.edu,valid
john.doe@domain.toolontgld,invalid
user@domain/xyz,invalid
30muofu6wk@.,invalid
info@sub.exampleco.uk,invalid
2zf6rd@.,invalid
"user@domain.,com",invalid
o5dotln9p@,invalid
01xyqc@gmail.com,valid
user+mailbox@domain.co..uk,invalid
hdzi8yz@gmail.com,valid
dgp5v@example.com,valid
e4976tv38v@yahoo.com,valid
yvoptpx@outlook.com,valid
idlgzcdm@,invalid
.firstname@domain.co,invalid
puq36d@example.com,valid
mzck8@,invalid
us.er@domain.biz,invalid
v4h58y6p@yahoo.com,valid
ivhteg@outlook.com,valid
user@domain@domai.ncom,invalid
firstname@domain.co,valid
15zqggsrexample.com,invalid
f96w1tsv28@gmail.com,valid
dgab1h@.,invalid
i583nlr81m@outlook.com,valid
person@non.profit.foundation,invalid
3e20td9@utlook.com,invalid
xu9g588q1@.,invalid
omby514aoexample.com,invalid
ah70q5c@,invalid
john@domain..com,invalid
gclak6d@.,invalid
john.doe@domin.toolongtld,invalid
6meboz7jvu@,invalid
twz5iioq72@outlook.com..,invalid
rwa92by9j@outlook.com,valid
gg0ivs@yahoo.com,valid
6fpjdd3@yahoo.com..,invalid
name@.domain,invalid
dl2gf41s@,invalid
399fc@utlook.com,invalid
user@domain.com,valid
b82b0uet7@yahoo.com,valid
bv1pqh2@,invalid
hgvg714t0y@xample.com,invalid
john.doe@doamin..com,invalid
3rxaz@gmail.com..,invalid
r07qsx@example.com,valid
aje8strkm@yahoo.com,valid
5xwofhier@outlook.com,valid
john..doe@example.com,invalid
zzjxs3ud5d@example.com,valid
ef874@example.com,valid
9iflos1p@outlook.com,valid
4sob8b3@yahoo.com..,invalid
vyylva@outlook.com,valid
elnro@outlook.com,valid
50s7l8g@yahoo.com,valid
uesr@domain/xyz,invalid
john..doe@domain.com,invalid
mcogmodjixyahoo.com,invalid
eadty@example.com,valid
info@compay.toolongtld,invalid
nmae@domain,invalid
id4c8hup0p@example.com,valid
cmag8s@yahoo.com,valid
bv0j7goui@example.com,valid
bgfcxpdqw@yahoo.com,valid
mail.@service.com,invalid
ogulyt3iyh@example.com,valid
m6qiqk0@outlook.com,valid
f4b4erh7ayahoo.com,invalid
5emgl@gmail.com,valid
john.d.oe@example.com,invalid
uiurwrtw@example.com,valid
name.surname@compan.ypl,invalid
person@nonprofit.foundation,valid
8lgqoxgu@.,invalid
sales@orgnaization.co,invalid
5f70xuzso@example.com,valid
74hxzfgmt@example.com..,invalid
info@startup.co,valid
info@university.edu,valid
user@domain@domaincom,invalid
bk3fru@example.com,valid
john.doe@example.museu,invalid
john..doe@omain.com,invalid
4wn2fn39@outlook.com,valid
11ew67n@yahoo.com..,invalid
o2f0d34m@.,invalid
expert@domain.co.in,valid
4hs24ikc2k@.,invalid
.support@service-platform.com,invalid
q2fztib@,invalid
omr8qwk47@ahoo.com,invalid
4z9lv0m2@ahoo.com,invalid
qoscqskt@gmail.com,valid
bgv5wkt9@gmail.com,valid
en3am@yahoo.com,valid
employee@company.info,valid
pqhkk6z34@example.com,valid
yczhh33h@example.com,valid
rubc5i1d@mail.com,invalid
sa.les@organization.co,invalid
e6j142@yahoo.com,valid
taahk0z@,invalid
6f9lpxo@gmail.com,valid
ec0vsx68@yahoo.com,valid
qez9slw@gmail.com,valid
fn56jo8outlook.com,invalid
jm18dn33r@yahoo.com,valid
user@domain&com,invalid
dc9tz@,invalid
vxu7av@example.com..,invalid
lxxupq0d@outlook.com,valid
r5t36outlook.com,invalid
mail@service.com,valid
y3h7hobhh@outlook.com,valid
w8f84a@ahoo.com,invalid
user@domain*.co,invalid
"user@domain,com",invalid
info@tsartup.co,invalid
yqolk5qay6@gmail.com,valid
john@omain space.com,invalid
2kflf1y@outlook.com..,invalid
ales@organization.uk,invalid
adi0od@yahoo.com,valid
ftb44vdy8@.,invalid
hwzm60i@,invalid
2k0ty@gmail.com,valid
ujw9h9elnl@.,invalid
host@domani.mobi,invalid
lzctnxz8example.com,invalid
empoyee@company.domain-too-long,invalid
ejmnj5a@gmail.com,valid
"user@odmain,com",invalid
wlr40vo867@example.com,valid
user@domain*.com,invalid
xnd0v6@mail.com,invalid
y30bx@yahoo.com,valid
user@domain$com,invalid
q6g17zb00@.,invalid
aj56si0ow@example.com,valid
vfak7fffek@mail.com,invalid
tv7t2outlook.com,invalid
dhudntyj@,invalid
user@domain+domaincom,invalid
6bgqq@outlook.com,valid
s0k52fokzf@utlook.com,invalid
fej51houtlook.com,invalid
zacbfj@outlook.com,valid
john..doe@exam.ple.com,invalid
651o0j@outlook.com,valid
acslvx@outlook.com..,invalid
z8pe1n27@yahoo.com,valid
ynupja44o@outlook.com,valid
z6vm35@.,invalid
user@do.main/xyz,invalid
oa0cap8l@gmail.com,valid
whgwbfn3yb@gmail.com,valid
gn9j271@yahoo.com,valid
z196vu@example.com,valid
o8p1cxvh@utlook.com,invalid
ggu12qyj@gmail.com,valid
bz0qt3f@outlook.com,valid
eej8jni0@outlook.com,valid
96fdo1r@outlook.com,valid
support.@platform.app,invalid
xsvmi2@,invalid
pyulte@yahoo.com,valid
ys78mg@outlook.com,valid
name@company_company.com,invalid
e15c0e7dhy@example.com,valid
siuv4s@,invalid
e62qqfiqj@outlook.com,valid
w9exj3ph@mail.com,invalid
b2gy2gqu@mail.com,invalid
viy6zpe7@,invalid
john.doe@example..cm,invalid
jane_doe123@domain.org,valid
mqso5u@.,invalid
ice4qzvsoutlook.com,invalid
eujl6yf347@gmail.com,valid
xhlrhdp@yahoo.com,valid
g93w7fy62@,invalid
user+mailbox@domain.co.uk,valid
7o0w0@yahoo.com,valid
i8znsa40h@yahoo.com,valid
support@platform.app,valid
eprson@org.name,invalid
userd@omain.co,invalid
etmj8abw@,invalid
user@domain-,invalid
brmk7w9@example.com,valid
host@omain.mobi,invalid
"user@domai.ncom,",invalid
gy498t@gmail.com,valid
studnt@school.edu,invalid
user@domain.-com,invalid
john..doe@example.cm,invalid
support@sevice-platform.com,invalid
john@domain@odmain.com,invalid
my.n.ame@domain.xyz,invalid
7p9u0x029@outlook.com,valid
o8zgavuw20gmail.com,invalid
first-last@domain.cat,valid
23ted@yahoo.com,valid
thwda105@outlook.com,valid
7cltyj57j@example.com..,invalid
jupj56@,invalid
userdomain-,invalid
rcr7tffawf@gmail.com,valid
28hxg2d@gmail.com,valid
user@domai.n-.com,invalid
user@domain..,invalid
bfm0k5@yahoo.com..,invalid
6enm81w@ahoo.com,invalid
z4czh@gmail.com,valid
name@domain,invalid
john@domain@domain.co.m,invalid
userd@omain-,invalid
itc6hlml1h@gmail.com..,invalid
firstname.lastname@domain.com,valid
w8yqq7@example.com,valid
pa1wuqs@gmail.com,valid
wlxd9qgey@,invalid
rv1jkb@outlook.com,valid
ud0zarkah@yahoo.com,valid
supportp@latform.app,invalid
xdl9b@outlook.com,valid
phlroqd7r@outlook.com,valid
ndirtt68pg@.,invalid
ich2jsodw@example.com,valid
fzsxh@.,invalid
oubqgsc03outlook.com,invalid
nlw087@gmail.com,valid
.user.name@domain.com,invalid
qw4hbvz@outlook.com,valid
sbvljmov@outlook.com..,invalid
pw86fvfe@.,invalid
vgszmfbte@,invalid
developer@rg.software,invalid
firstname-la.stname@domain.net,invalid
oiwmyxpom8@.,invalid
4npa1d@gmail.com,valid
ceo@corporate.com,valid
perso.n@nonprofit.foundation,invalid
tc0jhefw7@mail.com,invalid
37fs9@gmail.com,valid
5uvex2hxw8@example.com,valid
b7qce3x6@outlook.com,valid
u1ed42@outlook.com,valid
avhy539@outlook.com,valid
wxxw8ijy@.,invalid
22ocfc91d@yahoo.com,valid
wg5yy4e1xy@example.com,valid
m6q05tyahoo.com,invalid
employee@c.ompany.in,invalid
devops@tch-company.co,invalid
my-emil@domain.tech,invalid
xjz1i@gmail.com,valid
c35fzrig@outlook.com,valid
cleint@service.travel,invalid
e07w7yrfh5@example.com,valid
rhpyx7k9ll@ahoo.com,invalid
e4cjjol9jx@yahoo.com,valid
0uc3huurr@.,invalid
sales@org.anization.uk,invalid
f6tm4iqdo@example.com,valid
x1qrei8s@outlook.com,valid
consultan.t@domain.agency,invalid
apsvwf@,invalid
3slx57gm19@ahoo.com,invalid
5uw13y5bm@gmail.com,valid
14gg10tw@utlook.com,invalid
o2zuk0@gmail.com,valid
u7l2155@,invalid
con.tact@domain-.com,invalid
595v1@gmail.com,valid
rhezyk@,invalid
scy1t0eoi@yahoo.com,valid
ohxmpfjk@.,invalid
1g4lh7j366@yahoo.com,valid
lzfid4try@,invalid
registrar@organization.club,valid
qucr3h64@yahoo.com,valid
prson@nonprofit.foundation,invalid
09rrdasn@.,invalid
iublhuj@gmail.com,valid
b8na09@example.com,valid
u8ax9@,invalid
ftmguij@gmail.com,valid
jo2j29h2outlook.com,invalid
ypd82kc@outlook.com..,invalid
826l8@outlook.com..,invalid
6u4swo23c@.,invalid
company@servce.jobs,invalid
qh9yx0njcn@mail.com,invalid
vcll9zx@gmail.com,valid
823bdyahoo.com,invalid
client@service.trave,invalid
inf.o@company.toolongtld,invalid
1f59y5uk@example.com..,invalid
info@startup..co,invalid
b4dkn94@utlook.com,invalid
a9ezvlbgmail.com,invalid
gaaa42@example.com,valid
lice@company.travel,invalid
user@dmoain+domain.com,invalid
3dr147mi@outlook.com,valid
mail@su.b.org.me,invalid
hms81g0a3@example.com,valid
iiszgs@,invalid
jonh.doe@domain.com,invalid
jljyh97@gmail.com..,invalid
nfo@startup.co,invalid
hfp21a2k5o@utlook.com,invalid
adt03poo@yahoo.com..,invalid
jon@domain..com,invalid
md23mxv@,invalid
4icdvdr@outlook.com,valid
john...doe@domain.com,invalid
user+maibox@domain.co.uk,invalid
53aj7tp@,invalid
jxjd4fi@yahoo.com,valid
3jaf6@,invalid
bmcsa24t1qoutlook.com,invalid
iv9uq0c@.,invalid
plpzqix9@outlook.com,valid
m45hz85t@.,invalid
notwyb@example.com,valid
cq9l8dbwj5@gmail.com..,invalid
1kcfuny3z@ahoo.com,invalid
admin@organization.cl.ub,invalid
39qp72lll@outlook.com,valid
bq8c8ljq2@gmail.com,valid
user@.cmo,invalid
info@company.toolongtld,invalid
6lpnudl6@outlook.com,valid
3wo5hqrn@gmail.com,valid
customer@.domain.travel,invalid
helpdesk@domain.stoe,invalid
0qamox@.,invalid
johnny@dmain.travel,invalid
johnny.o@example.trael,invalid
d0nk0cyw@example.com,valid
rpxwcyaoutlook.com,invalid
06yumum4@utlook.com,invalid
kfepmx@,invalid
name.surname@ompany.pl,invalid
10rpwzxqr@gmail.com,valid
v0efhm@.,invalid
t86w3xbyahoo.com,invalid
atvr6e1esf@.,invalid
john..doe@example_com,invalid
y67i2@outlook.com,valid
nf4tg@,invalid
registrar@organizaion.club,invalid
person@nonprfoit.foundation,invalid
firsntame.lastname@domain.com,invalid
uc29nztyv1@gmail.com,valid
9sralsyahoo.com,invalid
6fl3f@example.com..,invalid
u1krf@utlook.com,invalid
client@serv.ice.travel,invalid
9cktj@,invalid
kevxb@utlook.com,invalid
q02hnewo3b@outlook.com,valid
naem.surname@company.com,invalid
jm00g00@.,invalid
uwopn8@outlook.com,valid
95aop@outlook.com,valid
2j3w3@,invalid
veg6d@gmail.com,valid
user@domai.c,invalid
t3ueym9@gmail.com,valid
iat7tyezl@example.com,valid
pi1tfz9xcl@gmail.com,valid
s39v3@yahoo.com,valid
0smunxp0@.,invalid
doxbzlsfs9@yahoo.com,valid
8yuakz@outlook.com..,invalid
vggygpgvd@,invalid
ab2uqexample.com,invalid
p6ogxdwh@yahoo.com,valid
rand.om.user@business.ae,invalid
l034ykkp1@example.com,valid
vk1hpty0syahoo.com,invalid
w237j8fvyahoo.com,invalid
john.doe@domain..com,invalid
wjh714cq@yahoo.com,valid
zbkgo@yahoo.com,valid
devpos@tech-company.co,invalid
19b43@gmail.com,valid
njxka3@example.com..,invalid
1nmmnpp1@outlook.com,valid
conta.ct@company.us,invalid
03q2l6cr@gmail.com..,invalid
6c4ht@xample.com,invalid
first-lats@domain.cat,invalid
1wm7s@yahoo.com,valid
mkrxbq3iso@outlook.com,valid
373q6@,invalid
y7ofkswkyf@example.com,valid
fvk9o@yahoo.com,valid
user@domain-.cm,invalid
ewo7vk9ayr@yahoo.com,valid
oyxx8@example.com,valid
3p7b2ieol@,invalid
5ft6q@,invalid
info@sub.example.co.u.k,invalid
use.r@domain%com,invalid
9c8cpmp6c@example.com,valid
rmmyl@xample.com,invalid
wl8koz@gmail.com,valid
zu6wcx@.,invalid
t232ebad@,invalid
use.r@domain#com,invalid
user@domain+.domain.com,invalid
744oddcuogmail.com,invalid
dawnhlux3example.com,invalid
"use.r@domain.com,",invalid
wbx6roroutlook.com,invalid
@missingusername..com,invalid
developer@org..software,invalid
4ft0uajj1l@outlook.com..,invalid
jh572zzqnexample.com,invalid
ngx1doutlook.com,invalid
name@company_compan.y.com,invalid
d2xnkh@yahoo.com,valid
user@doain$com,invalid
developer@org.software,valid
p762uab@gmail.com,valid
uer@domain.biz,invalid
wwpvum@example.com,valid
user@domain.c,invalid
5d5pjoutlook.com,invalid
gk9qaslp@example.com,valid
user@domain+domain.com,invalid
90oduco6u@outlook.com,valid
usre@domain.c,invalid
h1imc833r@mail.com,invalid
0sq5c6d66outlook.com,invalid
yrkbt@.,invalid
john@dev-copmany.co,invalid
96cn7@ahoo.com,invalid
ufrvt@gmail.com..,invalid
7w6itv@yahoo.com,valid
2lcrw@example.com,valid
user@domainxyz,invalid
2kgsq@outlook.com,valid
6c9hd7jzx@utlook.com,invalid
devops@tech-.company.co,invalid
xezg3garj@example.com..,invalid
user@.domain$com,invalid
2h7lsfa@example.com..,invalid
9bhmi1vux1@.,invalid
cgsrp2@gmail.com,valid
host@domain.mobi,valid
fa9xomb1ac@outlook.com,valid
cmny6h@gmail.com,valid
tph0higmry@.,invalid
lm6snaj@,invalid
d3gljot0fs@outlook.com,valid
info@sub.exampl.eco.uk,invalid
john@domain space.com,invalid
"user@domin,com",invalid
frl1nb1@ahoo.com,invalid
r68f0tia6@gmail.com,valid
qg5ge0wr@example.com..,invalid
gxessq1h@gmail.com..,invalid
mail@sub.org.me,valid
gibarfig@.,invalid
username@dmain.co,invalid
eemezb@example.com,valid
p8abw8@outlook.com,valid
john@domain...com,invalid
3z91m@example.com,valid
syhrvrwzqs@outlook.com..,invalid
hkzji6s@,invalid
d93y89@example.com..,invalid
fu29lbji@example.com,valid
g2wfi0aoh@,invalid
o4efvgw@outlook.com,valid
86g3l@outlook.com,valid
er18myd3@example.com..,invalid
v5bt6o@outlook.com,valid
ae1m1k8@mail.com,invalid
9mo5l07@example.com,valid
jonup3h@example.com,valid
f04qc2w3fu@yahoo.com,valid
i3pmm4@yahoo.com,valid
pi1guom@gmail.com,valid
6btamvvg84@gmail.com,valid
zyc9s@outlook.com,valid
jixdfnnrew@.,invalid
zcllz45sk@yahoo.com,valid
lmb52z@ahoo.com,invalid
ghipfy87@.,invalid
dy08q@ahoo.com,invalid
pa0fdc6@example.com,valid
"uer@domain.com,",invalid
jo.hn@dev-company.co,invalid
elkjlq@.,invalid
xp2wb4c7j2@,invalid
u3daabwgd@gmail.com,valid
name.surnme@company.com,invalid
dwrnyefbj@xample.com,invalid
br1vg7@xample.com,invalid
y00i98yb1@example.com,valid
q6aiqnloxp@gmail.com,valid
tn71jgmail.com,invalid
contcat@domain-.com,invalid
8p4qzgtgmail.com,invalid
s7xr96ardw@outlook.com..,invalid
firstname.lastname@.domain.com,invalid
b26ae@.,invalid
john@domai.n.com,invalid
mdtqqfcer@gmail.com,valid
person@nonprofit.foundatoin,invalid
john@exampl.e.io,invalid
3fiqu3a@,invalid
jrrfpvx4n@gmail.com,valid
u6t2axo5n@example.com..,invalid
2tydcf@yahoo.com,valid
maev2qmj@gmail.com,valid
n04cjg8d@example.com,valid
john.doe@example..com,invalid
1wcwscgmail.com,invalid
5rpxxeb@yahoo.com,valid
sgzmayua@.,invalid
user@do.main-,invalid
w3d9ql7n@yahoo.com,valid
y098u2tq@ahoo.com,invalid
v9f44bu@.,invalid
user@doamin*.com,invalid
qmyert5q@yahoo.com,valid
johnny@odmain.travel,invalid
khxaph@gmail.com,valid
1dl4migmail.com,invalid
ljkmfz8py8@example.com,valid
034ktl@,invalid
efay43ei@,invalid
firstname@domai.nco,invalid
n2m1d6a5@yahoo.com,valid
03qlp1h@.,invalid
person@org.nam.e,invalid
x72grpktl@gmail.com..,invalid
fizc5@outlook.com,valid
tazlo@ahoo.com,invalid
d52qz8qp1i@yahoo.com..,invalid
john.doe@e.xample.com,invalid
lg8x9@gmail.com,valid
n.ame.surname@company.com,invalid
9numq@example.com,valid
expert.@domain.co.in,invalid
user@dmain&com,invalid
i5xlio@outlook.com..,invalid
wu14bknz9@example.com,valid
s7bedxc@ahoo.com,invalid
infouniversity.edu,invalid
firstname@dmain.co,invalid
2sbv6@example.com,valid
f4i528onp@,invalid
cy2012yd58@example.com,valid
john@doman.-com,invalid
5umapsxts@,invalid
dc68r2@example.com,valid
kyabr53c5nexample.com,invalid
consultant@doamin.agency,invalid
ba4q9@gmail.com,valid
6pjc583@yahoo.com,valid
6gglzl565dexample.com,invalid
5ztmv3oz1@outlook.com,valid
wlsnhvp@yahoo.com,valid
user@domin@domain.com,invalid
13fhj@example.com,valid
.user@domain@domain.com,invalid
fex42j@example.com..,invalid
6cgx4w45l@outlook.com..,invalid
client@service.travel,valid
employee@company.domain-too-long,invalid
user@domain%com,invalid
zyji0l@.,invalid
0r8cyvx@yahoo.com,valid
8lypj73s@example.com,valid
employee@company.domai.n-too-long,invalid
8ypzp@,invalid
mrouvfwh@outlook.com,valid
6hviz6h55@yahoo.com,valid
cs90o94mv@,invalid
firstname.lastnam.e@domain.com,invalid
admin@domai.nltd,invalid
john.doe@omain..com,invalid
nnu568u@gmail.com,valid
wwk009z@yahoo.com,valid
78gcqc@,invalid
9q5681ef@outlook.com,valid
4ytmp@.,invalid
58q13tqbyahoo.com,invalid
mtgsjyffs9@yahoo.com,valid
0402r@gmail.com,valid
uspport@service-platform.com,invalid
o6ygde1@,invalid
grvqsxx0y@outlook.com,valid
y2w7hh7n@.,invalid
john..doe@domain..co,invalid
as7v0ij4n@,invalid
username@.domain.com,invalid
us4yln@outlook.com..,invalid
p31kf03yr@,invalid
xjl87luku1gmail.com,invalid
358h79z@outlook.com,valid
armyvmcxk9@yahoo.com..,invalid
uesrname@domain.com,invalid
consultant@domain.gency,invalid
7lzu9wr@gmail.com,valid
bpenpjjt81@gmail.com,valid
ygji4p@mail.com,invalid
h6shcg@example.com,valid
x3xyrqx@gmail.com,valid
3bgi9lye48@example.com,valid
john@example.io,valid
uqnb1134@,invalid
8jrns6myahoo.com,invalid
user@domain&c.om,invalid
5qf77@gmail.com,valid
i5ui52@gmail.com,valid
9wmmenq@example.com,valid
7w7wt4@outlook.com,valid
john.@domain space.com,invalid
john@omain..com,invalid
s5utku3rp@outlook.com,valid
obdxs1efjgmail.com,invalid
16vftv9xz@mail.com,invalid
agtks4450nyahoo.com,invalid
6mdx21p@example.com,valid
g0j2jhw@gmail.com,valid
5grliu@gmail.com,valid
bknym9v3z6@yahoo.com,valid
q0wszt8ndn@example.com,valid
6fd67shvk@outlook.com..,invalid
ecfc7s@yahoo.com,valid
random.user@busniess.ae,invalid
h7zyxao0hh@yahoo.com..,invalid
3dpjjf@example.com,valid
8hpyciup@,invalid
6nzpxz6@.,invalid
wmeb7fxvr@gmail.com,valid
q4p3t@gmail.com,valid
be24jx2o@outlook.com..,invalid
eziiz@xample.com,invalid
um6jvy1rq@gmail.com,valid
bq0b52y@yahoo.com..,invalid
0f24nv@yahoo.com,valid
ser@domain..co.uk,invalid
q747k@.,invalid
pccm8n@.,invalid
fp5mkeyw@yahoo.com,valid
d15yrm8@yahoo.com,valid
28bvs@example.com,valid
admin@organization.club,valid
"user@omain,com",invalid
user@domain.co,valid
qa0083vpv@utlook.com,invalid
joh.n@domain.-com,invalid
customer@domain.travel,valid
uw6bi@example.com,valid
alice@company.travel,valid
john.doe@example_cmo,invalid
z1z9ahrvla@,invalid
user@domain%com,invalid
538uaczy@example.com..,invalid
ap2fdos08p@yahoo.com..,invalid
9jjuvodg36@outlook.com,valid
first-las.t@domain.cat,invalid
rm2w6k5n1@outlook.com,valid
my-email@domain.tech,valid
dlq22@,invalid
aeusf@example.com,valid
mbixd6a@gmail.com,valid
vie6w@mail.com,invalid
j7c3gj@.,invalid
k5jwk@example.com,valid
.username@domaincom,invalid
ohn@example.io,invalid
276gtqmpt@.,invalid
edq7bv@yahoo.com..,invalid
f2yq79g1fn@gmail.com,valid
@missingusernam.ecom,invalid
user@.domain..,invalid
johnny@domain.travel,valid
contact@comapny.us,invalid
hm6fa9mw3@gmail.com,valid
p4t7wjg06@outlook.com,valid
i8bzm@gmail.com,valid
userdomain.co,invalid
w805r@,invalid
sales@organization.o,invalid
65nd6ma@outlook.com,valid
john.doe@example.museum,valid
6mmobv@yahoo.com,valid
8dcz5jyahoo.com,invalid
0o2do6@mail.com,invalid
104356tyu@outlook.com..,invalid
dtcvq1rzxu@example.com,valid
57ku4e0m@example.com,valid
8h6x7xxy@example.com,valid
9nszgz@.,invalid
lojc4yyw@yahoo.com,valid
qllltgemgmail.com,invalid
supprt@platform.app,invalid
3uid1sec05@utlook.com,invalid
ceo@c.orporate.com,invalid
48d3v@gmail.com,valid
1029svw@gmail.com,valid
c6hqqfq4p@outlook.com,valid
cnbpn7w@gmail.com..,invalid
4suf5hsj@.,invalid
bavjq1s@yahoo.com,valid
hsot@domain.sub,invalid
nzs39@yahoo.com,valid
"username@doamin,com",invalid
123jorue@gmail.com,valid
john.doe@example.com,valid
username@domain.co,valid
user@domai.n.com,invalid
3q6z9jxo@gmail.com,valid
john.doe@example..com,invalid
t4wcnakwqe@.,invalid
qw91blt5@utlook.com,invalid
admi@organization.club,invalid
peron@org.name,invalid
494wd9outlook.com,invalid
eowfa7n3@example.com,valid
bzliqie9b@outlook.com,valid
810uv@,invalid
bywxl@yahoo.com,valid
emlpoyee@company.info,invalid
xzd3yaid1@outlook.com,valid
"username@domain,com",invalid
.user@domain.c,invalid
johnnyo.@example.travel,invalid
07mjq5mx@yahoo.com,valid
1oaxyk48yahoo.com,invalid
yhfv90mpmk@yahoo.com..,invalid
qgathujh@,invalid
mw2xsy@yahoo.com,valid
sjg4a0@,invalid
sxpuds9qbr@example.com,valid
tm922kh@example.com,valid
ka0ayo41iu@gmail.com..,invalid
reurw2@.,invalid
admin@organizatoin.club,invalid
30zufw2rlb@.,invalid
kw2xu42tb@xample.com,invalid
user@domain.@domain.com,invalid
sy0h9eqvcexample.com,invalid
7lhw4c6mud@example.com,valid
customer@domain.trvel,invalid
bsneguhk@yahoo.com,valid
tzlr0q@gmail.com,valid
ba09mf7zyahoo.com,invalid
spbkb79f@example.com..,invalid
employe@ecompany.in,invalid
john.doe@example.com,valid
use@rdomain.com,invalid
cc7amf9qw@,invalid
joh@nexample.io,invalid
em8pr@ahoo.com,invalid
e4qh3d2@utlook.com,invalid
co5u1fvk@gmail.com,valid
1z6c7c@example.com,valid
a.dmin@domain.ltd,invalid
my.name@dmain.xyz,invalid
o78thl5eu@outlook.com,valid
hmj9oljw3u@example.com,valid
frm470@gmail.com..,invalid
gj5zdnxp3yahoo.com,invalid
3zxza9@yahoo.com,valid
zynm8f1h@gmail.com,valid
t0czopj@gmail.com,valid
qakz3@example.com,valid
fzfduia33n@.,invalid
ei8gpr5xl@yahoo.com,valid
8cwa3fym@outlook.com..,invalid
phac6c91r@gmail.com,valid
lvhw20@gmail.com,valid
m1y445s@mail.com,invalid
6vi5j66l@yahoo.com,valid
xsw0x@mail.com,invalid
wwmzb@.,invalid
sknann4@.,invalid
npncvqp@xample.com,invalid
lh1jc3@mail.com,invalid
7y2d3s@,invalid
wma218@example.com,valid
employee@company.domain-too-long,invalid
aj354p1mdf@example.com,valid
hdymu7n0@.,invalid
consul.tant@domain.agency,invalid
u.ser@domain.co,invalid
first-last@omain.cat,invalid
a0mee5nx@gmail.com,valid
7lusjuz5ot@outlook.com,valid
sx0xrqt8@gmail.com,valid
paoq13eb@example.com,valid
rp7qki0t@gmail.com,valid
igcq28example.com,invalid
alchp@mail.com,invalid
1qruzn8x@outlook.com,valid
john@dev-cmpany.co,invalid
suer@domain%com,invalid
name.surname@company.com,valid
firstname.lastname@domain.com,valid
yp616bvb@gmail.com,valid
7fcl9e@yahoo.com,valid
userdomain.com,invalid
3tj3oh2@.,invalid
8muaqm@outlook.com,valid
john@dev-company.co,valid
"user@domain.com,",invalid
h9o0aedtv7yahoo.com,invalid
contact@domain-.com,invalid
b7an0yz54@.,invalid
vxeewxtzel@gmail.com..,invalid
34ddecrb@gmail.com,valid
71zggfhcb@gmail.com,valid
i04f7@xample.com,invalid
pf4hkoutlook.com,invalid
ajenh@.,invalid
204yv1wr@.,invalid
nbljnuzgl@.,invalid
bjoqfn@.,invalid
johndoe@domain.com,invalid
ci0p34ihim@,invalid
gur4lzes61@yahoo.com,valid
68n822n1h@yahoo.com,valid
gh3pv3ks6yahoo.com,invalid
john@domai@domain.com,invalid
c776eey@yahoo.com,valid
ra1hjx@gmail.com,valid
firstname.lastnme@domain.com,invalid
xkuw1g1jyahoo.com,invalid
xfz4ugd@example.com..,invalid
lcmx77@outlook.com,valid
f6e18gc@.,invalid
974fzg0t@,invalid
jfvdvgfk@.,invalid
vaa8zitl@.,invalid
ie47gg@outlook.com,valid
0fm2853@gmail.com,valid
dpvcsbuc@outlook.com..,invalid
ifxzwr@,invalid
b0opl6nc@ahoo.com,invalid
9of3w5fb8@yahoo.com,valid
advx8ep@outlook.com,valid
person@nonprofit.foundatio,invalid
j1nnt736n@gmail.com,valid
dx2f1j@example.com,valid
s0z7hro@outlook.com,valid
john.doe@example..cmo,invalid
t9mhp7@gmail.com,valid
o2f8jg303v@utlook.com,invalid
1yu91yq8g@outlook.com..,invalid
employee@cmpany.in,invalid
john.doe@domain.com,valid
6aq46@ahoo.com,invalid
jvifd@yahoo.com,valid
ou5icmbf3@outlook.com,valid
7ff3zgud@,invalid
7z2r13example.com,invalid
0h436@outlook.com..,invalid
zo8blvbyahoo.com,invalid
8v36evoutlook.com,invalid
qcgfyla@example.com,valid
lbc15w5co@outlook.com,valid
us.er@domain*.com,invalid
blm9hrt3@mail.com,invalid
332fm@gmail.com,valid
9d2wq2ri@outlook.com,valid
5bkosmjp@yahoo.com..,invalid
vye45maku@,invalid
1hg14qkryahoo.com,invalid
vpdi7zo4m@.,invalid
wpzrcp2h@mail.com,invalid
ryno4rhr@mail.com,invalid
mail@sub.or.gme,invalid
t864bito1@.,invalid
ej03vq@yahoo.com..,invalid
896n0hy0s@.,invalid
zxp5f9w@.,invalid
mployee@sub.domain.com,invalid
wofxj@yahoo.com,valid
john.doe@example..c.om,invalid
vooluad6@gmail.com,valid
w1gg4u@outlook.com,valid
zmi9c@yahoo.com,valid
alcie@company.travel,invalid
nttwck@gmail.com,valid
1jupk4@,invalid
iihyt0cr@outlook.com,valid
user@domain..,invalid
gflam022q@example.com..,invalid
403z0ugy@.,invalid
a4xv7sq3@outlook.com,valid
h5oizuktpoutlook.com,invalid
userdomain#com,invalid
749hqmm@example.com,valid
4qi6gl@gmail.com,valid
6qpmf@,invalid
gcjff8@example.com,valid
jly240@.,invalid
7zmufmx@ahoo.com,invalid
4c8scx3zj@gmail.com,valid
i6qhxkh@example.com..,invalid
lkwu507f@,invalid
student@school.eud,invalid
r1egdw7@example.com,valid
uoy7vx@yahoo.com,valid
john@domain.-com,invalid
87gvvbi94@outlook.com,valid
iqnaqn5vxz@ahoo.com,invalid
employee@comp.any.info,invalid
qaqbpoutlook.com,invalid
d086wgci@ahoo.com,invalid
er9vfi@example.com,valid
lvkobexample.com,invalid
6xfth1@example.com,valid
guxwb09vhm@gmail.com,valid
c9dwh4ng@,invalid
jo.hnny.o@example.travel,invalid
gkaum2bm@outlook.com..,invalid
albqux52@example.com,valid
infoc@ompany.toolongtld,invalid
npii7wp1gm@yahoo.com,valid
ufq7iciif@mail.com,invalid
juqv7@,invalid
12td58ssnc@ahoo.com,invalid
h8h7llcz@gmail.com,valid
6h965whjgaexample.com,invalid
user@domain.,invalid
k7fo3jdd@,invalid
qo09x667e@gmail.com,valid
jo.hn.doe@example.museum,invalid
plainad.dress,invalid
7c0n16dq1@gmail.com,valid
cra8dkf@yahoo.com,valid
registrar@org.anization.club,invalid
9vo022yahoo.com,invalid
mxa8rs7yy@gmail.com,valid
71cyse2c44@yahoo.com,valid
w21lqes@,invalid
expert@domai.co.in,invalid
yu1g15244outlook.com,invalid
plianaddress,invalid
2jpk3ei@.,invalid
olfr2em@,invalid
2map5ocngf@yahoo.com,valid
ms23ajr4d@gmail.com,valid
71w5k@outlook.com,valid
5ohp6pgmail.com,invalid
company@serivce.jobs,invalid
nhcueb7cmyahoo.com,invalid
4fqdf@yahoo.com,valid
alice@company.tr.avel,invalid
yff5col9@gmail.com,valid
sales@ogranization.uk,invalid
5ev63m7if@outlook.com,valid
wskid@.,invalid
vaz5gkip9w@gmail.com,valid
ymxl2on@gmail.com,valid
vymy5@,invalid
"use.rname@domain,com",invalid
wiuyb0@,invalid
axd6lxmd9i@yahoo.com,valid
wzef105gft@outlook.com,valid
3q8ijhkjs@example.com,valid
eynouwdaa@gmail.com,valid
co.mpany@service.jobs,invalid
zdo80a@,invalid
7ke536@outlook.com,valid
uyd1owg@outlook.com,valid
9qa7ov@outlook.com..,invalid
fzuy3y9t7m@yahoo.com,valid
azakwz7fugmail.com,invalid
.host@domain.mobi,invalid
6y0buu@outlook.com..,invalid
zh83v@gmail.com,valid
jane_doe123@domain.o.rg,invalid
tlrsoq@ahoo.com,invalid
nr9n275qjj@xample.com,invalid
yke4a2@outlook.com,valid
person@org.name,valid
z5uebap@yahoo.com,valid
fef3eajst4@example.com..,invalid
john..doe@domain.cmo,invalid
1m7dvgtbexample.com,invalid
ij7thb@outlook.com,valid
ez3bccwfgmail.com,invalid
7fe56r@ahoo.com,invalid
mail@servce.com,invalid
lqw4l1u@outlook.com,valid
mail@srevice.com,invalid
n4vwdy@gmail.com,valid
4qarcj@,invalid
sbht3pjc7v@,invalid
p6pd1outlook.com,invalid
qpll2vy@example.com..,invalid
consltant@domain.agency,invalid
296me5@,invalid
cact8sv8ueoutlook.com,invalid
cnvh24@example.com,valid
b3amq@outlook.com,valid
2vw2mhro@yahoo.com,valid
tzthqzgnf@ahoo.com,invalid
jin336g@gmail.com,valid
iongwya13@example.com,valid
9zlcdg4snv@yahoo.com,valid
h4gwugug@.,invalid
mp9d3ygmail.com,invalid
3rqnm@xample.com,invalid
pzn8w11t6example.com,invalid
ofqxip@yahoo.com,valid
random.user@business.ae,valid
s19fvxus@yahoo.com,valid
john.de@example_com,invalid
ppjgiv@outlook.com,valid
iw3yt@outlook.com,valid
c0dxixsp@,invalid
6wln1e@outlook.com,valid
john@.domain..com,invalid
b9a36bev@gmail.com,valid
3lkmi1@.,invalid
info@sub.example.co.uk,valid
vxa3ey@,invalid
name.surname@company.pl,valid
9f53tylh6@example.com,valid
a7wt8xe9zuexample.com,invalid
hcq4h@,invalid
ii1pal96@outlook.com,valid
8gay5ajs6o@example.com,valid
ega25outlook.com,invalid
xev4cjx4@gmail.com,valid
8xhyk@outlook.com,valid
bcz4aojud@example.com,valid
rzjpeefya@.,invalid
7r0rv1a@.,invalid
rqjbsovv@example.com,valid
"uesr@domain,com",invalid
g1lkq2d@ahoo.com,invalid
v1ujeeexample.com,invalid
john.doe@xeample.com,invalid
admin@domain.ltd,valid
96ewl@example.com,valid
35dvagpy@mail.com,invalid
i4ogzb@gmail.com,valid
phvt638tao@outlook.com..,invalid
xbbf88d@outlook.com,valid
ehb4juck4@outlook.com,valid
10wexgzz9f@.,invalid
m8jnyn@ahoo.com,invalid
srkz3pih2@yahoo.com..,invalid
xs94jgl@yahoo.com,valid
epmloyee@sub.domain.com,invalid
helpdesk@domain.store,valid
sq7w0iv3p@yahoo.com,valid
devleoper@org.software,invalid
rpqsswuc@example.com..,invalid
3zi5y34example.com,invalid
oky0qfvtqd@.,invalid
uimwzd@yahoo.com,valid
user@domain.biz,valid
inof@university.edu,invalid
name.surname@com.pany.pl,invalid
fzbyafa9ou@,invalid
paw9e9tu@.,invalid
tlrvvbb03@outlook.com,valid
dvnkjhc@example.com,valid
random.user@businessae,invalid
user@.co.m,invalid
d2rn4x@gmail.com,valid
contact@cmpany.us,invalid
john.doe@example_com,invalid
f7jfta@.,invalid
1irbm3@,invalid
name@domai,invalid
person@nonprofit.foundation,valid
z62h4@utlook.com,invalid
user@domai.n.co.uk,invalid
mvhtgiwc@outlook.com,valid
36b57bs1@yahoo.com,valid
company@service.jobs,valid
0b0ymqnyahoo.com,invalid
ptrfdigrnm@.,invalid
1sfynog@yahoo.com,valid
saa316u3@gmail.com,valid
user@domain@domain.com,invalid
user@domian#com,invalid
devops@tech-company.co,valid
wfm0kl3@gmail.com,valid
gya2sqq@yahoo.com,valid
oyuwq@outlook.com,valid
info.@university.edu,invalid
qh08s48ggmail.com,invalid
pdsd9@utlook.com,invalid
john@domains pace.com,invalid
user@domain@domain.com,invalid
zy4hiiyydyahoo.com,invalid
z63x25za4g@outlook.com..,invalid
john@domain@domain.com,invalid
42xbi@xample.com,invalid
fi3lhq6@gmail.com,valid
o6g12t0jt@mail.com,invalid
lgighmqqca@yahoo.com..,invalid
j.ohn.doe@domain..com,invalid
john.doe@do.main.toolongtld,invalid
john@domain-.com,invalid
lo0zapp5a@outlook.com,valid
mjsr5pyt67example.com,invalid
t2acs5v@yahoo.com,valid
cxoqcs25@utlook.com,invalid
qbfltkb@utlook.com,invalid
tn19o3@outlook.com..,invalid
spxz31@gmail.com,valid
username@domain.com,valid
plainaddress,invalid
cgkqsa6dt@,invalid
v9agwt3k@outlook.com,valid
55tcnzm7@yahoo.com,valid
17e25dmg0@example.com..,invalid
6p4btpzjwz@yahoo.com,valid
johnny.o@example.travel,valid
mmbpuexample.com,invalid
w4p1s493m@gmail.com,valid
nbl1t869@xample.com,invalid
name@company_cmopany.com,invalid
t9sfiby@outlook.com,valid
1j5n9tf@gmail.com,valid
firstname.lastnamed@omain.com,invalid
r1xp9pduvf@outlook.com,valid
1d7i9d4c@gmail.com,valid
7pk7di@gmail.com..,invalid
cdc1pttf@.,invalid
ptmyfuoutlook.com,invalid
"user@domain,com",invalid
n91q89k@yahoo.com,valid
@missingusename.com,invalid
0lh1nqfoq5@,invalid
470tegfzy@utlook.com,invalid
1pz7b@example.com,valid
61s75u6oy@gmail.com,valid
llmxh95zyahoo.com,invalid
2g9qt@xample.com,invalid
bm20q09houtlook.com,invalid
upl3t@xample.com,invalid
employee@s.ub.domain.com,invalid
helpdes@kdomain.store,invalid
wn0iybf@gmail.com,valid
s.tudent@school.edu,invalid
jryo4nx5zoutlook.com,invalid
9bsbh@outlook.com,valid
6yma0@outlook.com,valid
li1rf@yahoo.com..,invalid
659v5@.,invalid
"user@d.omain,com",invalid
1bfuet@yahoo.com,valid
nj3w9ueor@.,invalid
support@service-platform.com,valid
5db82ad@.,invalid
y21b1t88w@yahoo.com,valid
john.do@edomain..co,invalid
f3nz6w9ebk@,invalid
user@doamin%com,invalid
sales@organization.co,valid
1lmx3@ahoo.com,invalid
vtv6qzot1@gmail.com,valid
user@.com,invalid
sales@organization.uk,valid
j2htvifyahoo.com,invalid
user+mailbox@domai.nco.uk,invalid
lmhgwgmail.com,invalid
4eauqsg423@outlook.com,valid
@missingusername.com,invalid
l6e8vkkz@example.com,valid
user@domain@domainc.om,invalid
consultant@domain.agency,valid
ceo@corporate.ocm,invalid
92cw3@outlook.com,valid
o9bnej@gmail.com,valid
john.doe@exapmle.museum,invalid
my-ema.il@domain.tech,invalid
5fezrzek@.,invalid
fdp7x21p8@example.com,valid
xv9w5iy6ha@gmail.com,valid
john.doe@domain.toolongtld,invalid
.username@domain.com,invalid
plainddress,invalid
9qp8e@outlook.com,valid
john.doe@exampl.ecom,invalid
jfud5h34l@xample.com,invalid
consultant@domain.agency,valid
b42e0tvmpg@outlook.com,valid
9kh09jrd0yahoo.com,invalid
rtfco1y0un@gmail.com,valid
fc0yaxw3d@yahoo.com,valid
ujtlxp@gmail.com,valid
ki5h6@example.com,valid
johnny@domain.tra.vel,invalid
41aul@outlook.com..,invalid
rbjjx36jf@ahoo.com,invalid
wc4fbw@outlook.com,valid
aqicueun@gmail.com,valid
2g9b06ol@example.com,valid
3au2v@,invalid
4s14pe@mail.com,invalid
9th4a@yahoo.com,valid
1zd4uiorao@gmail.com,valid
kz30kpe@outlook.com,valid
username@domain.co,invalid
hostdomain.sub,invalid
host@doma.in.sub,invalid
98jdb14irj@ahoo.com,invalid
6b7k3ai7@gmail.com,valid
r5nnylt37a@xample.com,invalid
6otp4jpyi8@,invalid
kxmjb@yahoo.com,valid
frqs0e4uk@example.com,valid
zeum4bss6@example.com,valid
user@com,invalid
ryu926@xample.com,invalid
csutomer@domain.travel,invalid
